app_id,name,total_reviews,review_score,is_free,price,release_date,all_time_peak,avg_count,day_peak,ownership,owner_range,owners_lower,owners_upper,owner_bucket,activity_bucket,review_bucket,positive_reviews,negative_reviews,players_forever,players_2weeks,steamspy_ccu
755790,Ring of Elysium,233,6,False,,"Jun 24, 2019",63435,1401.9447236180904,2,15000000,"10,000,000 .. 20,000,000",10000000,20000000,gte_10m,zero,10k_100k,74345,25492,,,0
8980,Borderlands Game of the Year,12573,8,False,2999,"Aug 31, 2023",23443,340.0433403805497,139,3500000,"2,000,000 .. 5,000,000",2000000,5000000,2m_10m,50_500,10k_100k,28944,3579,,,142
238320,Outlast,28285,9,False,1499,"Sep 4, 2013",11684,365.2861736334405,387,3500000,"2,000,000 .. 5,000,000",2000000,5000000,2m_10m,50_500,gte_100k,121220,4458,,,215
436520,Line of Sight,1171,5,True,,"Jan 31, 2017",4020,66.20383693045564,12,3500000,"2,000,000 .. 5,000,000",2000000,5000000,2m_10m,lt_50,1k_10k,5402,3653,,,9
442070,Drawful 2,707,8,False,599,"Jun 20, 2016",5293,78.3925353925354,32,750000,"500,000 .. 1,000,000",500000,1000000,500k_2m,lt_50,1k_10k,2983,1036,,,22
213030,Penny Arcade's On the Rain-Slick Precipice of Darkness 3,384,8,True,,"Jun 25, 2012",494,14.818627450980392,0,350000,"200,000 .. 500,000",200000,500000,100k_500k,zero,100_1k,497,86,,,0
4560,Company of Heroes - Legacy Edition,2705,8,False,739,"Jul 17, 2007",3274,120.68359788359788,116,3500000,"2,000,000 .. 5,000,000",2000000,5000000,2m_10m,50_500,1k_10k,6540,457,,,65
21970,R.U.S.E.,1406,8,False,2999,"Sep 9, 2010",2429,552.7716701902748,814,750000,"500,000 .. 1,000,000",500000,1000000,500k_2m,50_500,1k_10k,2630,184,,,207
2195250,EA SPORTS FC 24,32123,5,False,,"Sep 28, 2023",107109,3033.2231812577065,2539,7500000,"5,000,000 .. 10,000,000",5000000,10000000,2m_10m,gte_5k,gte_100k,63281,46293,,,5110
815260,Lords of Kingdoms,0,0,True,,"Jun 15, 2018",136,4.056140350877193,4,350000,"200,000 .. 500,000",200000,500000,100k_500k,lt_50,lt_100,36,44,,,2
1325860,VTube Studio,72,8,True,,"Mar 12, 2021",23511,11268.030915576694,19324,1500000,"1,000,000 .. 2,000,000",1000000,2000000,500k_2m,gte_5k,1k_10k,5283,412,,,10139
38740,EDGE,892,8,False,83,"Aug 11, 2011",58,6.798701298701299,3,350000,"200,000 .. 500,000",200000,500000,100k_500k,zero,1k_10k,2015,179,,,0
2194780,BeachHead Rogue,14,7,False,499,"Nov 22, 2024",2,0.3125,0,750000,"500,000 .. 1,000,000",500000,1000000,500k_2m,lt_50,lt_100,12,1,,,1
868270,The Cycle: Frontier,284,6,False,,"Jun 8, 2022",40690,906.4459459459459,1,7500000,"5,000,000 .. 10,000,000",5000000,10000000,2m_10m,lt_50,10k_100k,28893,16529,,,2
360970,Heaven Forest NIGHTS,42,5,False,99,"Mar 14, 2017",4438,70.3529411764706,0,3500000,"2,000,000 .. 5,000,000",2000000,5000000,2m_10m,zero,100_1k,227,112,,,0
115300,Call of Duty: Modern Warfare 3 (2011),7015,8,False,3999,"Nov 8, 2011",14,1.4154228855721394,2,3500000,"2,000,000 .. 5,000,000",2000000,5000000,2m_10m,zero,10k_100k,33647,4306,,,0
1334590,Furry Love,1098,8,False,49,"Jul 10, 2020",2440,50.93887530562347,166,350000,"200,000 .. 500,000",200000,500000,100k_500k,lt_50,lt_100,0,0,,,4
1372110,JoJo's Bizarre Adventure: All-Star Battle R,5304,8,False,999,"Sep 1, 2022",5023,320.75334143377887,598,350000,"200,000 .. 500,000",200000,500000,100k_500k,50_500,10k_100k,10640,1311,,,357
1604030,V Rising,54150,8,False,3499,"May 8, 2024",150645,7556.628778718259,9143,7500000,"5,000,000 .. 10,000,000",5000000,10000000,2m_10m,gte_5k,gte_100k,106197,13243,,,10961
303390,Dead Bits,1398,5,False,49,"Jun 7, 2014",14137,288.55535055350555,4,3500000,"2,000,000 .. 5,000,000",2000000,5000000,2m_10m,lt_50,1k_10k,5141,3408,,,2
701160,Kingdom Two Crowns,9823,8,False,499,"Dec 11, 2018",26314,1248.9078341013824,2089,3500000,"2,000,000 .. 5,000,000",2000000,5000000,2m_10m,500_5k,1k_10k,6244,819,,,1305
2725260,ENDER MAGNOLIA: Bloom in the Mist,4435,9,False,2499,"Jan 22, 2025",14134,240.42537313432837,200,350000,"200,000 .. 500,000",200000,500000,100k_500k,50_500,10k_100k,12876,589,,,176
219990,Grim Dawn,39199,9,False,499,"Feb 25, 2016",61093,3223.2884822389665,3914,15000000,"10,000,000 .. 20,000,000",10000000,20000000,gte_10m,500_5k,10k_100k,93489,6241,,,2376
1284190,The Planet Crafter,35689,9,False,2399,"Apr 10, 2024",28380,4382.581423401689,4368,1500000,"1,000,000 .. 2,000,000",1000000,2000000,500k_2m,gte_5k,10k_100k,52168,2148,,,7330
1568440,Sands of Fire,0,0,False,699,"Apr 2, 2021",0,0.0,0,750000,"500,000 .. 1,000,000",500000,1000000,500k_2m,zero,lt_100,1,0,,,0
274170,Hotline Miami 2: Wrong Number,24173,8,False,1499,"Mar 10, 2015",18882,385.7907995618839,438,3500000,"2,000,000 .. 5,000,000",2000000,5000000,2m_10m,50_500,10k_100k,62741,3893,,,437
1068820,OVR Toolkit - Desktop Overlay,2581,8,False,1099,"Jun 28, 2019",5073,1999.5591647331787,2584,750000,"500,000 .. 1,000,000",500000,1000000,500k_2m,500_5k,1k_10k,2722,372,,,2180
41070,Serious Sam 3: BFE,5846,8,False,2999,"Nov 22, 2011",2085,154.26349206349207,104,3500000,"2,000,000 .. 5,000,000",2000000,5000000,2m_10m,50_500,10k_100k,24491,3224,,,105
407560,Killing Room,610,5,False,1499,"Oct 20, 2016",263,9.564912280701755,6,350000,"200,000 .. 500,000",200000,500000,100k_500k,lt_50,1k_10k,990,433,,,1
1036700,My Beautiful Paper Smile,183,8,False,1499,"Oct 14, 2021",13,2.3304347826086955,0,1500000,"1,000,000 .. 2,000,000",1000000,2000000,500k_2m,zero,100_1k,340,58,,,0
291480,Warface: Clutch,401,5,False,,"Jul 1, 2014",13867,606.7100977198697,38,35000000,"20,000,000 .. 50,000,000",20000000,50000000,gte_10m,50_500,10k_100k,54554,27643,,,270
2344520,Diablo IV,19542,6,False,4999,"Oct 17, 2023",63808,31183.425400739827,24267,1500000,"1,000,000 .. 2,000,000",1000000,2000000,500k_2m,gte_5k,10k_100k,32969,17333,,,8835
1651560,Fabledom,3328,8,False,2099,"May 13, 2024",4228,169.84539877300614,136,350000,"200,000 .. 500,000",200000,500000,100k_500k,500_5k,1k_10k,5342,862,,,598
365450,Hacknet,7555,8,False,999,"Aug 12, 2015",127640,258.2420242024202,49,3500000,"2,000,000 .. 5,000,000",2000000,5000000,2m_10m,lt_50,10k_100k,23511,1604,,,31
1097430,Book of Yog Idle RPG,3,0,True,,"Jul 29, 2022",4163,546.0581818181818,1119,350000,"200,000 .. 500,000",200000,500000,100k_500k,500_5k,1k_10k,4733,2650,,,647
65080,Kaptain Brawe: A Brawe New World,62,6,False,1499,"Jan 20, 2011",25,2.0,1,350000,"200,000 .. 500,000",200000,500000,100k_500k,zero,100_1k,130,36,,,0
638070,Murderous Pursuits,160,5,False,999,"Apr 26, 2018",144294,885.8529411764706,4,1500000,"1,000,000 .. 2,000,000",1000000,2000000,500k_2m,lt_50,1k_10k,1794,1022,,,3
420970,RoBoRumble,11,7,False,799,"Dec 10, 2015",12734,377.34090909090907,2,350000,"200,000 .. 500,000",200000,500000,100k_500k,50_500,100_1k,140,85,,,83
2713550,Cursed Dawn,4,0,False,,"Apr 7, 2025",2,0.10256410256410256,0,1500000,"1,000,000 .. 2,000,000",1000000,2000000,500k_2m,zero,lt_100,2,7,,,0
220240,Far Cry 3,42137,8,False,1999,"Dec 4, 2012",23042,1209.2008501594048,835,3500000,"2,000,000 .. 5,000,000",2000000,5000000,2m_10m,50_500,gte_100k,101914,12105,,,488
3990,Civilization IV: Warlords,288,8,False,499,"Apr 6, 2007",335,167.26984126984127,220,750000,"500,000 .. 1,000,000",500000,1000000,500k_2m,50_500,100_1k,442,44,,,144
752060,Subwar 2050,4,0,False,999,"Nov 29, 2017",1,0.11475409836065574,0,350000,"200,000 .. 500,000",200000,500000,100k_500k,zero,lt_100,2,1,,,0
886250,PokerStars VR,0,0,True,,"Nov 10, 2023",1327,140.97008055235904,209,350000,"200,000 .. 500,000",200000,500000,100k_500k,50_500,1k_10k,5700,1442,,,171
8850,BioShock 2,5879,8,False,299,"Feb 9, 2010",912,59.75404530744336,38,1500000,"1,000,000 .. 2,000,000",1000000,2000000,500k_2m,lt_50,10k_100k,12864,1555,,,23
448630,Rabiez: Epidemic,50,4,False,199,"Mar 4, 2016",13277,383.672131147541,1,750000,"500,000 .. 1,000,000",500000,1000000,500k_2m,zero,100_1k,96,131,,,0
2173740,DYNAMIC,1,0,False,199,"Nov 21, 2022",1,0.09375,0,350000,"200,000 .. 500,000",200000,500000,100k_500k,zero,lt_100,3,0,,,0
586960,Upside Down,162,6,False,149,"Feb 14, 2017",3251,61.266666666666666,0,350000,"200,000 .. 500,000",200000,500000,100k_500k,zero,100_1k,572,123,,,0
1701520,Afterimage,1360,8,False,499,"Apr 24, 2023",2056,95.75857843137256,179,350000,"200,000 .. 500,000",200000,500000,100k_500k,50_500,1k_10k,6526,1878,,,93
557780,Atom Fishing II,6,0,False,,"Nov 29, 2016",937,180.47916666666666,0,350000,"200,000 .. 500,000",200000,500000,100k_500k,zero,1k_10k,1200,387,,,0
6060,"STAR WARS Battlefront II (Classic, 2005)",34758,8,False,999,"Jul 8, 2009",4703,358.6553911205074,296,3500000,"2,000,000 .. 5,000,000",2000000,5000000,2m_10m,50_500,10k_100k,50396,2891,,,323
1677280,Company of Heroes 3,12894,5,False,2399,"Feb 23, 2023",30243,3906.7310513447433,6566,1500000,"1,000,000 .. 2,000,000",1000000,2000000,500k_2m,500_5k,10k_100k,18936,14310,,,2183
1619450,Heart of a Warrior,0,0,False,1099,"Feb 1, 2022",0,0.0,0,3500000,"2,000,000 .. 5,000,000",2000000,5000000,2m_10m,zero,lt_100,0,1,,,0
528740,Operation: New Earth,16,4,True,,"Dec 14, 2016",456,234.99104143337067,288,350000,"200,000 .. 500,000",200000,500000,100k_500k,50_500,100_1k,468,306,,,235
1687950,Persona 5 Royal,33233,9,False,5999,"Oct 20, 2022",35298,9393.425790754258,11096,3500000,"2,000,000 .. 5,000,000",2000000,5000000,2m_10m,500_5k,gte_100k,99657,3487,,,4994
1182110,Weed Shop 3,3502,8,False,1999,"Apr 20, 2022",2548,63.37023809523809,50,350000,"200,000 .. 500,000",200000,500000,100k_500k,lt_50,1k_10k,3797,234,,,46
1151640,Horizon Zero Dawn Complete Edition,51576,8,False,,"Aug 7, 2020",49582,1094.9528301886792,741,1500000,"1,000,000 .. 2,000,000",1000000,2000000,500k_2m,500_5k,gte_100k,110049,15148,,,700
377160,Fallout 4,181538,8,False,1999,"Nov 9, 2015",471955,15268.870718232045,11742,15000000,"10,000,000 .. 20,000,000",10000000,20000000,gte_10m,gte_5k,gte_100k,326054,66233,,,11179
327410,A Bird Story,2878,8,False,399,"Nov 7, 2014",1313,18.845890410958905,0,350000,"200,000 .. 500,000",200000,500000,100k_500k,lt_50,10k_100k,8718,1558,,,5
1061910,Metal: Hellsinger,7729,9,False,2999,"Sep 15, 2022",2682,40.76289926289926,35,1500000,"1,000,000 .. 2,000,000",1000000,2000000,500k_2m,lt_50,10k_100k,15140,626,,,45
1504570,Cultivation Tales,214,5,False,1999,"Apr 17, 2024",34664,145.71117166212534,9,750000,"500,000 .. 1,000,000",500000,1000000,500k_2m,lt_50,10k_100k,5126,8513,,,7
200390,Oil Rush,76,5,True,,"Jan 25, 2012",280,7.5078740157480315,5,350000,"200,000 .. 500,000",200000,500000,100k_500k,zero,100_1k,293,217,,,0
648800,Raft,128397,8,False,1999,"Jun 20, 2022",100474,8251.069160997733,12422,15000000,"10,000,000 .. 20,000,000",10000000,20000000,gte_10m,500_5k,gte_100k,323198,23161,,,4701
6900,Hitman: Codename 47,1956,5,False,799,"Mar 15, 2007",232,27.197183098591548,23,750000,"500,000 .. 1,000,000",500000,1000000,500k_2m,lt_50,1k_10k,3044,1195,,,20
1203620,Enshrouded,47150,8,False,2999,"Jan 24, 2024",160361,13629.044609665427,13087,3500000,"2,000,000 .. 5,000,000",2000000,5000000,2m_10m,gte_5k,10k_100k,67486,10594,,,10654
1252330,DEATHLOOP,12111,6,False,5999,"Sep 13, 2021",20050,144.50299401197606,112,1500000,"1,000,000 .. 2,000,000",1000000,2000000,500k_2m,50_500,10k_100k,22306,6899,,,73
291410,Duelyst,100,8,False,,"Aug 23, 2016",2344,122.80645161290323,0,750000,"500,000 .. 1,000,000",500000,1000000,500k_2m,zero,1k_10k,3899,834,,,0
719640,War Planet Online: Global Conquest,0,0,True,,"Dec 19, 2017",644,207.2122587968218,191,350000,"200,000 .. 500,000",200000,500000,100k_500k,50_500,100_1k,579,332,,,155
1809420,Shankaram: CODE REBORN,4,0,False,899,"Dec 20, 2021",2,0.08108108108108109,0,350000,"200,000 .. 500,000",200000,500000,100k_500k,zero,lt_100,5,5,,,0
1142710,Total War: WARHAMMER III,60870,6,False,5999,"Feb 16, 2022",166519,23922.713253012047,36473,3500000,"2,000,000 .. 5,000,000",2000000,5000000,2m_10m,gte_5k,gte_100k,87141,32717,,,16842
487120,Citadel: Forged with Fire,3048,5,False,1499,"Nov 1, 2019",7720,71.32,8,350000,"200,000 .. 500,000",200000,500000,100k_500k,lt_50,1k_10k,3981,1885,,,10
1042550,Digimon Story Cyber Sleuth: Complete Edition,4682,8,False,4999,"Oct 17, 2019",3408,370.69150174621655,346,350000,"200,000 .. 500,000",200000,500000,100k_500k,500_5k,10k_100k,9933,1026,,,968
2527500,MiSide,25202,9,False,1499,"Dec 10, 2024",23637,429.5967336683417,473,1500000,"1,000,000 .. 2,000,000",1000000,2000000,500k_2m,500_5k,gte_100k,108883,2204,,,631
1948280,Stacklands,11652,9,False,799,"Apr 8, 2022",5135,591.7330917874397,1020,750000,"500,000 .. 1,000,000",500000,1000000,500k_2m,50_500,lt_100,0,0,,,347
3240220,Grand Theft Auto V Enhanced,61612,8,False,1499,"Mar 4, 2025",157412,46917.766708701136,72776,7500000,"5,000,000 .. 10,000,000",5000000,10000000,2m_10m,gte_5k,10k_100k,38595,17286,,,39502
496640,Strange Night,96,5,False,49,"Jul 26, 2016",2283,92.9,6,350000,"200,000 .. 500,000",200000,500000,100k_500k,lt_50,100_1k,276,171,,,1
453480,Shadowverse CCG,178,6,True,,"Oct 27, 2016",23929,1380.6364653243847,203,3500000,"2,000,000 .. 5,000,000",2000000,5000000,2m_10m,500_5k,10k_100k,10839,3875,,,1122
475550,Beholder,3038,8,False,1399,"Nov 9, 2016",7799,158.91870824053453,121,1500000,"1,000,000 .. 2,000,000",1000000,2000000,500k_2m,50_500,10k_100k,25444,2303,,,138
2248760,Car For Sale Simulator 2023,4632,6,False,1699,"Nov 1, 2024",2746,219.2948402948403,251,350000,"200,000 .. 500,000",200000,500000,100k_500k,50_500,10k_100k,14778,3674,,,220
1504980,It Takes Two Friend's Pass,0,0,False,,"Mar 26, 2021",16741,414.85149700598805,74,750000,"500,000 .. 1,000,000",500000,1000000,500k_2m,50_500,100_1k,703,92,,,58
269210,Hero Siege,12714,5,False,263,"Jan 29, 2014",16472,1909.8230852211434,1387,1500000,"1,000,000 .. 2,000,000",1000000,2000000,500k_2m,50_500,10k_100k,29813,13699,,,369
1343400,RuneScape ,74,8,True,,"Oct 14, 2020",12508,2373.6182033096925,2162,3500000,"2,000,000 .. 5,000,000",2000000,5000000,2m_10m,500_5k,10k_100k,20941,4397,,,2496
3036080,Shawarma Legend,649,8,False,299,"Jul 19, 2024",7645,127.10861423220973,166,350000,"200,000 .. 500,000",200000,500000,100k_500k,50_500,lt_100,0,0,,,109
1436930,Temple of Apshai Trilogy,15,5,False,399,"Oct 19, 2020",2,0.1568627450980392,0,750000,"500,000 .. 1,000,000",500000,1000000,500k_2m,zero,lt_100,8,6,,,0
576120,Purgatory II,18,4,False,199,"Feb 28, 2018",26934,413.1397058823529,0,750000,"500,000 .. 1,000,000",500000,1000000,500k_2m,lt_50,lt_100,19,27,,,1
1253920,Rogue Legacy 2,7628,8,False,999,"Apr 28, 2022",22811,374.86454652532393,624,1500000,"1,000,000 .. 2,000,000",1000000,2000000,500k_2m,50_500,10k_100k,13143,1326,,,167
893520,Creative Destruction,224,5,False,,"Aug 2, 2018",6283,391.75324675324674,1,3500000,"2,000,000 .. 5,000,000",2000000,5000000,2m_10m,zero,10k_100k,14571,3940,,,0
702670,Donut County,6587,8,False,389,"Aug 28, 2018",619,33.170028818443804,39,350000,"200,000 .. 500,000",200000,500000,100k_500k,lt_50,10k_100k,9683,862,,,40
2172180,Howl,49,7,False,999,"Nov 14, 2023",7,1.0675675675675675,1,750000,"500,000 .. 1,000,000",500000,1000000,500k_2m,lt_50,lt_100,55,2,,,1
437900,Party Jousting,9,0,True,,"Mar 1, 2016",6003,37.257894736842104,0,3500000,"2,000,000 .. 5,000,000",2000000,5000000,2m_10m,lt_50,100_1k,662,61,,,1
464920,Surviving Mars,10587,6,False,,"Mar 15, 2018",23722,571.934611048478,327,3500000,"2,000,000 .. 5,000,000",2000000,5000000,2m_10m,500_5k,10k_100k,22472,4098,,,507
338540,Navy Field 2 : Conqueror of the Ocean,3,0,False,,"Mar 5, 2015",1548,19.40990990990991,1,750000,"500,000 .. 1,000,000",500000,1000000,500k_2m,zero,1k_10k,619,771,,,0
1606180,下一站江湖Ⅱ,152,6,False,2499,"Apr 17, 2024",4637,161.1967621419676,201,350000,"200,000 .. 500,000",200000,500000,100k_500k,50_500,1k_10k,6219,2155,,,170
2104890,RoadCraft,6604,6,False,2399,"May 20, 2025",32807,1296.0480404551201,1824,350000,"200,000 .. 500,000",200000,500000,100k_500k,gte_5k,1k_10k,5784,1884,,,8156
7650,X-COM: Terror From the Deep,503,8,False,124,"May 4, 2007",126,22.550943396226415,26,750000,"500,000 .. 1,000,000",500000,1000000,500k_2m,lt_50,100_1k,788,79,,,16
1575870,UpGun,90,8,True,,"Aug 13, 2021",538,48.53237410071942,90,350000,"200,000 .. 500,000",200000,500000,100k_500k,50_500,1k_10k,3448,661,,,52
1289310,Helltaker,164,8,True,,"May 11, 2020",6489,108.70857814336075,90,3500000,"2,000,000 .. 5,000,000",2000000,5000000,2m_10m,50_500,gte_100k,122115,2803,,,75
1085660,Destiny 2,79282,6,True,,"Oct 1, 2019",316651,19389.284051222352,22023,35000000,"20,000,000 .. 50,000,000",20000000,50000000,gte_10m,gte_5k,gte_100k,497891,127725,,,24619
1849250,EA SPORTS WRC,5636,5,False,4999,"Nov 2, 2023",3960,262.98887515451173,319,750000,"500,000 .. 1,000,000",500000,1000000,500k_2m,50_500,1k_10k,6135,3674,,,262
282070,This War of Mine,22894,8,False,1999,"Nov 14, 2014",9343,1035.258977149075,936,3500000,"2,000,000 .. 5,000,000",2000000,5000000,2m_10m,500_5k,gte_100k,94484,7256,,,756
286690,Metro 2033 Redux,27483,8,False,199,"Aug 25, 2014",50225,1514.4815217391304,1695,7500000,"5,000,000 .. 10,000,000",5000000,10000000,2m_10m,500_5k,gte_100k,101543,9424,,,1208
745740,Reflex,374,8,False,99,"Nov 23, 2017",2611,47.31629392971246,2,1500000,"1,000,000 .. 2,000,000",1000000,2000000,500k_2m,lt_50,100_1k,670,115,,,2
2878200,Supreme Ruler Global Outbreak,2,0,False,1999,"Apr 24, 2025",5,0.8043478260869565,0,750000,"500,000 .. 1,000,000",500000,1000000,500k_2m,lt_50,lt_100,1,0,,,1
10180,Call of Duty: Modern Warfare 2 (2009),16841,8,False,1999,"Nov 11, 2009",2231,486.6074074074074,486,7500000,"5,000,000 .. 10,000,000",5000000,10000000,2m_10m,50_500,10k_100k,54145,3973,,,399
2221490,Tom Clancy’s The Division 2,16454,6,False,749,"Jan 12, 2023",27482,6924.2967032967035,6996,1500000,"1,000,000 .. 2,000,000",1000000,2000000,500k_2m,gte_5k,10k_100k,17029,5339,,,9481
1179580,KAKU: Ancient Seal,107,6,False,2499,"Jul 11, 2024",5001,53.35466666666667,3,750000,"500,000 .. 1,000,000",500000,1000000,500k_2m,50_500,100_1k,683,218,,,71
613900,Museum of Other Realities,53,8,True,,"Feb 26, 2020",1800,24.175,0,350000,"200,000 .. 500,000",200000,500000,100k_500k,lt_50,100_1k,382,42,,,1
268420,Aura Kingdom,69,6,False,,"Jul 4, 2014",2105,234.3708609271523,2,3500000,"2,000,000 .. 5,000,000",2000000,5000000,2m_10m,lt_50,1k_10k,6676,1884,,,1
783140,Removed,0,0,False,,"Apr 13, 2018",361,7.146341463414634,0,350000,"200,000 .. 500,000",200000,500000,100k_500k,zero,lt_100,25,15,,,0
620980,Beat Saber,52912,9,False,2999,"May 21, 2019",42095,584.5245153933865,471,3500000,"2,000,000 .. 5,000,000",2000000,5000000,2m_10m,50_500,10k_100k,71341,3271,,,423
33110,Alien Shooter: Revisited,166,5,False,499,"May 27, 2009",905,14.725099601593625,9,350000,"200,000 .. 500,000",200000,500000,100k_500k,lt_50,100_1k,509,282,,,1
805850,Wrecked,0,0,True,,"May 21, 2018",160,7.628099173553719,0,750000,"500,000 .. 1,000,000",500000,1000000,500k_2m,zero,1k_10k,1768,513,,,0
897330,Coloring Pixels,47,7,True,,"Aug 17, 2018",1535,450.30045871559633,483,750000,"500,000 .. 1,000,000",500000,1000000,500k_2m,500_5k,1k_10k,7622,297,,,505
508290,$1 Ride,84,5,False,199,"Jul 28, 2016",3537,204.86033519553072,0,750000,"500,000 .. 1,000,000",500000,1000000,500k_2m,zero,100_1k,460,488,,,0
1409670,Bright Memory: Infinite Ray Tracing Benchmark,0,0,True,,"Sep 24, 2020",12,4.109090909090909,7,350000,"200,000 .. 500,000",200000,500000,100k_500k,lt_50,lt_100,63,4,,,3
1447430,小黑盒加速器,0,0,True,,"May 24, 2021",11047,2857.3170441001193,5170,1500000,"1,000,000 .. 2,000,000",1000000,2000000,500k_2m,500_5k,1k_10k,7088,1800,,,3328
739630,Phasmophobia,355345,8,False,1999,"Sep 18, 2020",112241,16100.6080283353,16006,15000000,"10,000,000 .. 20,000,000",10000000,20000000,gte_10m,gte_5k,gte_100k,736611,32168,,,9978
764030,Realm Revolutions,0,0,True,,"Jan 5, 2018",1147,38.92702394526796,30,350000,"200,000 .. 500,000",200000,500000,100k_500k,50_500,100_1k,273,95,,,57
3117820,Sultan's Game,1252,8,False,2499,"Mar 30, 2025",45878,1743.4892812105927,2836,1500000,"1,000,000 .. 2,000,000",1000000,2000000,500k_2m,gte_5k,10k_100k,20637,1233,,,7726
39210,FINAL FANTASY XIV Online,60243,8,False,1999,"Feb 18, 2014",95102,23605.691144708424,28565,3500000,"2,000,000 .. 5,000,000",2000000,5000000,2m_10m,gte_5k,10k_100k,70254,9782,,,19824
400,Portal,81901,9,False,999,"Oct 10, 2007",3617,580.6793650793651,578,15000000,"10,000,000 .. 20,000,000",10000000,20000000,gte_10m,500_5k,gte_100k,175024,2717,,,638
242720,GunZ 2: The Second Duel,26,6,True,,"May 1, 2014",10315,93.3810623556582,7,3500000,"2,000,000 .. 5,000,000",2000000,5000000,2m_10m,lt_50,10k_100k,7055,3622,,,3
1214670,Mr. Sun's Hatbox,194,8,False,449,"Apr 20, 2023",160,6.763948497854077,6,1500000,"1,000,000 .. 2,000,000",1000000,2000000,500k_2m,lt_50,100_1k,384,61,,,5
1557060,Wonhon: Prologue,0,0,True,,"Feb 28, 2021",3,0.21782178217821782,0,350000,"200,000 .. 500,000",200000,500000,100k_500k,zero,lt_100,71,14,,,0
1966720,Lethal Company,275131,9,False,999,"Oct 23, 2023",239369,6317.038271604938,6851,15000000,"10,000,000 .. 20,000,000",10000000,20000000,gte_10m,gte_5k,gte_100k,473422,13738,,,6199
287700,METAL GEAR SOLID V: THE PHANTOM PAIN,41513,8,False,1999,"Sep 1, 2015",90952,1639.6979051819185,1282,3500000,"2,000,000 .. 5,000,000",2000000,5000000,2m_10m,500_5k,10k_100k,91675,8247,,,1333
386360,SMITE,750,6,True,,"Sep 8, 2015",31169,3382.3241455347297,1564,15000000,"10,000,000 .. 20,000,000",10000000,20000000,gte_10m,500_5k,gte_100k,94368,25428,,,1853
360,Half-Life Deathmatch: Source,1985,6,False,999,"May 1, 2006",208,28.950892857142858,43,7500000,"5,000,000 .. 10,000,000",5000000,10000000,2m_10m,lt_50,1k_10k,3657,1242,,,43
587790,Deadly Animal Duel,14,3,False,199,"Sep 12, 2017",27215,317.0916030534351,0,750000,"500,000 .. 1,000,000",500000,1000000,500k_2m,lt_50,lt_100,16,41,,,1
444200,World of Tanks Blitz,229,6,True,,"Nov 9, 2016",56489,6673.513422818792,6233,15000000,"10,000,000 .. 20,000,000",10000000,20000000,gte_10m,gte_5k,gte_100k,116407,31754,,,5707
845070,The Awesome Adventures of Captain Spirit,0,0,True,,"Jun 25, 2018",7220,69.6062246278755,28,3500000,"2,000,000 .. 5,000,000",2000000,5000000,2m_10m,lt_50,10k_100k,13218,1036,,,16
506540,Last Man Standing,18,4,False,,"Mar 29, 2017",11776,448.0147058823529,0,3500000,"2,000,000 .. 5,000,000",2000000,5000000,2m_10m,zero,10k_100k,10776,6811,,,0
1486920,Tempest Rising,5016,8,False,3999,"Apr 24, 2025",9376,359.9040404040404,374,750000,"500,000 .. 1,000,000",500000,1000000,500k_2m,500_5k,1k_10k,6276,767,,,528
2135970,Magnus Positive Phototaxis,20,7,False,99,"Nov 29, 2022",2,0.16417910447761194,0,350000,"200,000 .. 500,000",200000,500000,100k_500k,zero,lt_100,38,2,,,0
515570,UBERMOSH Vol.3,467,8,False,49,"Aug 15, 2016",6754,182.84486607142858,414,350000,"200,000 .. 500,000",200000,500000,100k_500k,lt_50,100_1k,274,34,,,7
341720,Among Ripples,2,0,True,,"Jan 22, 2015",356,8.56547619047619,0,350000,"200,000 .. 500,000",200000,500000,100k_500k,zero,1k_10k,980,460,,,0
434170,The Jackbox Party Pack 3,4222,9,False,1749,"Oct 17, 2016",10894,389.9050279329609,228,350000,"200,000 .. 500,000",200000,500000,100k_500k,50_500,1k_10k,6080,204,,,124
219150,Hotline Miami,40869,9,False,999,"Oct 23, 2012",6858,299.29405520169854,318,3500000,"2,000,000 .. 5,000,000",2000000,5000000,2m_10m,50_500,gte_100k,103599,3058,,,404
349700,Romero's Aftermath,25,5,False,,"Sep 24, 2015",4282,126.30102040816327,0,1500000,"1,000,000 .. 2,000,000",1000000,2000000,500k_2m,zero,10k_100k,5385,5693,,,0
301520,Robocraft,953,5,False,,"Aug 24, 2017",26598,1229.62,6,7500000,"5,000,000 .. 10,000,000",5000000,10000000,2m_10m,lt_50,gte_100k,86240,31815,,,3
1238840,Battlefield 1,44659,8,False,3999,"Jun 11, 2020",53107,7595.930588235294,9726,7500000,"5,000,000 .. 10,000,000",5000000,10000000,2m_10m,gte_5k,gte_100k,166775,26046,,,6308
920490,Driver Booster for Steam,153,8,True,,"Nov 1, 2018",1271,712.7790563866513,838,350000,"200,000 .. 500,000",200000,500000,100k_500k,500_5k,1k_10k,7795,1435,,,826
540900,Nuclear Contingency,25,6,False,99,"Jan 2, 2017",3475,163.40506329113924,0,350000,"200,000 .. 500,000",200000,500000,100k_500k,zero,100_1k,163,142,,,0
901583,Grand Theft Auto IV: Complete Edition,70000,8,False,,,,,,35000000,"20,000,000 .. 50,000,000",20000000,50000000,gte_10m,zero,gte_100k,144570,30702,,,0
1097150,Fall Guys: Ultimate Knockout,148139,8,False,,"Aug 3, 2020",172026,1671.561320754717,611,35000000,"20,000,000 .. 50,000,000",20000000,50000000,gte_10m,500_5k,gte_100k,385154,88589,,,664
546980,Midnight Carnival,119,4,False,199,"Nov 22, 2016",2926,95.85820895522389,0,750000,"500,000 .. 1,000,000",500000,1000000,500k_2m,lt_50,100_1k,149,235,,,1
613010,Secret in Story,11,7,False,99,"Jun 19, 2017",8895,123.18320610687023,0,3500000,"2,000,000 .. 5,000,000",2000000,5000000,2m_10m,zero,100_1k,79,35,,,0
715220,Ironsight,3,0,False,,"Dec 18, 2019",1310,88.44117647058823,0,1500000,"1,000,000 .. 2,000,000",1000000,2000000,500k_2m,zero,1k_10k,4149,1145,,,0
626610,TT Isle of Man: Ride on the Edge,484,6,False,599,"Mar 27, 2018",425,13.605321507760532,14,350000,"200,000 .. 500,000",200000,500000,100k_500k,lt_50,1k_10k,989,399,,,7
1283970,YoloMouse - Cursor Changer,1533,8,False,399,"May 1, 2020",13330,9205.05170387779,12443,750000,"500,000 .. 1,000,000",500000,1000000,500k_2m,gte_5k,1k_10k,2159,177,,,8493
1466060,Tainted Grail: The Fall of Avalon,17867,8,False,4499,"May 23, 2025",25568,1984.3941248470012,1876,350000,"200,000 .. 500,000",200000,500000,100k_500k,gte_5k,10k_100k,10043,1437,,,8175
1340020,Aster Fpv Drone Simulator,9,0,False,1999,"Oct 22, 2020",5,0.5384615384615384,0,750000,"500,000 .. 1,000,000",500000,1000000,500k_2m,zero,lt_100,9,4,,,0
215470,Primal Carnage,2526,6,False,499,"Oct 29, 2012",2547,91.4695652173913,0,350000,"200,000 .. 500,000",200000,500000,100k_500k,zero,1k_10k,4462,1371,,,0
1665460,eFootball,369,4,True,,"Sep 29, 2021",27871,14408.81654676259,22174,15000000,"10,000,000 .. 20,000,000",10000000,20000000,gte_10m,gte_5k,10k_100k,44067,48266,,,13404
355840,Survarium,111,5,False,,"Apr 2, 2015",4340,256.62989323843414,2,3500000,"2,000,000 .. 5,000,000",2000000,5000000,2m_10m,zero,10k_100k,13832,11623,,,0
575860,Tomb Joe,26,5,False,99,"Apr 23, 2017",2028,139.82978723404256,0,750000,"500,000 .. 1,000,000",500000,1000000,500k_2m,lt_50,100_1k,107,107,,,15
1144200,Ready or Not,145890,6,False,2499,"Dec 13, 2023",55174,8827.25,11769,7500000,"5,000,000 .. 10,000,000",5000000,10000000,2m_10m,500_5k,gte_100k,210654,25542,,,4296
1433140,The Texas Chain Saw Massacre,10710,5,False,1499,"Aug 18, 2023",17141,337.5332512315271,333,350000,"200,000 .. 500,000",200000,500000,100k_500k,50_500,10k_100k,14423,7117,,,336
466170,Idling to Rule the Gods,11,5,True,,"May 27, 2016",2771,1121.0133481646274,1193,350000,"200,000 .. 500,000",200000,500000,100k_500k,500_5k,1k_10k,1638,278,,,1157
385150,Stranded In Time,68,8,False,499,"Jul 17, 2015",2131,48.866515837104075,14,350000,"200,000 .. 500,000",200000,500000,100k_500k,50_500,100_1k,200,61,,,75
2407270,AI LIMIT,3508,8,False,3499,"Mar 27, 2025",14433,687.639344262295,607,350000,"200,000 .. 500,000",200000,500000,100k_500k,500_5k,10k_100k,20512,1513,,,922
